{
    "31": [
        [
            1.5862830660849037e-17,
            3.1725661321698075e-17,
            1.5862830660849037e-17,
            1.0,
            -1.996619012626426,
            0.9966434331038465
        ],
        [
            1.0,
            2.0,
            1.0,
            1.0,
            -1.9971665368490108,
            0.997200025199931
        ],
        [
            1.0,
            2.0,
            1.0,
            1.0,
            -1.9972187626324547,
            0.9972353249890269
        ],
        [
            1.0,
            -2.0,
            1.0,
            1.0,
            -1.998305242286419,
            0.998317329836467
        ],
        [
            1.0,
            -2.0,
            1.0,
            1.0,
            -1.9988734413721685,
            0.9989128934189329
        ],
        [
            1.0,
            -2.0,
            1.0,
            1.0,
            -1.9994348611784587,
            0.9994451361210575
        ]
    ],
    "63": [
        [
            1.0090313978897136e-15,
            2.018062795779427e-15,
            1.0090313978897136e-15,
            1.0,
            -1.9932005932931744,
            0.9932981112196708
        ],
        [
            1.0,
            2.0,
            1.0,
            1.0,
            -1.9942741435005713,
            0.9944079087551492
        ],
        [
            1.0,
            2.0,
            1.0,
            1.0,
            -1.994412103966158,
            0.9944782617850692
        ],
        [
            1.0,
            -2.0,
            1.0,
            1.0,
            -1.9965891630781938,
            0.9966374725142774
        ],
        [
            1.0,
            -2.0,
            1.0,
            1.0,
            -1.9976692676370424,
            0.9978269885780451
        ],
        [
            1.0,
            -2.0,
            1.0,
            1.0,
            -1.9988494861992059,
            0.998890574466838
        ]
    ],
    "125": [
        [
            6.082841974520959e-14,
            1.2165683949041918e-13,
            6.082841974520959e-14,
            1.0,
            -1.9863636506979858,
            0.9867462885799324
        ],
        [
            1.0,
            2.0,
            1.0,
            1.0,
            -1.9884101123939848,
            0.9889352555575526
        ],
        [
            1.0,
            2.0,
            1.0,
            1.0,
            -1.988813954897071,
            0.9890736942255577
        ],
        [
            1.0,
            -2.0,
            1.0,
            1.0,
            -1.9931493472854347,
            0.9933392139373506
        ],
        [
            1.0,
            -2.0,
            1.0,
            1.0,
            -1.9950730112251205,
            0.9956932341835121
        ],
        [
            1.0,
            -2.0,
            1.0,
            1.0,
            -1.9976382519091092,
            0.997799916701215
        ]
    ],
    "250": [
        [
            3.800350032994683e-12,
            7.600700065989366e-12,
            3.800350032994683e-12,
            1.0,
            -1.9721465223462813,
            0.9736669192588039
        ],
        [
            1.0,
            2.0,
            1.0,
            1.0,
            -1.9759052760398494,
            0.9779940769395011
        ],
        [
            1.0,
            2.0,
            1.0,
            1.0,
            -1.9772315548466453,
            0.9782648284576511
        ],
        [
            1.0,
            -2.0,
            1.0,
            1.0,
            -1.9859647309818202,
            0.9867216468722448
        ],
        [
            1.0,
            -2.0,
            1.0,
            1.0,
            -1.9889310669945368,
            0.9914062546289653
        ],
        [
            1.0,
            -2.0,
            1.0,
            1.0,
            -1.9949583989806978,
            0.9956043218637609
        ]
    ],
    "500": [
        [
            2.3188930904884956e-10,
            4.637786180976991e-10,
            2.3188930904884956e-10,
            1.0,
            -1.9420156858532174,
            0.9480169968130703
        ],
        [
            1.0,
            2.0,
            1.0,
            1.0,
            -1.9482204189321985,
            0.9564813255779913
        ],
        [
            1.0,
            2.0,
            1.0,
            1.0,
            -1.9528988090299024,
            0.9569868488049648
        ],
        [
            1.0,
            -2.0,
            1.0,
            1.0,
            -1.9706033327015173,
            0.9736105481613152
        ],
        [
            1.0,
            -2.0,
            1.0,
            1.0,
            -1.9730437138920847,
            0.9828961825862027
        ],
        [
            1.0,
            -2.0,
            1.0,
            1.0,
            -1.9886475482232089,
            0.9912251613760278
        ]
    ],
    "1000": [
        [
            1.351489865245657e-08,
            2.702979730491314e-08,
            1.351489865245657e-08,
            1.0,
            -1.8752806349383015,
            0.898658302186967
        ],
        [
            1.0,
            2.0,
            1.0,
            1.0,
            -1.8826369754718757,
            0.9149251193679743
        ],
        [
            1.0,
            2.0,
            1.0,
            1.0,
            -1.8997090958647893,
            0.91570693913916
        ],
        [
            1.0,
            -2.0,
            1.0,
            1.0,
            -1.935982305827073,
            0.9478467597047904
        ],
        [
            1.0,
            -2.0,
            1.0,
            1.0,
            -1.9271795362580215,
            0.9661621854856159
        ],
        [
            1.0,
            -2.0,
            1.0,
            1.0,
            -1.97224624488574,
            0.98250503607473
        ]
    ],
    "2000": [
        [
            7.224056279664399e-07,
            1.4448112559328797e-06,
            7.224056279664399e-07,
            1.0,
            -1.718322875009957,
            0.8070263213228779
        ],
        [
            1.0,
            2.0,
            1.0,
            1.0,
            -1.7144871104488708,
            0.8376021708437676
        ],
        [
            1.0,
            2.0,
            1.0,
            1.0,
            -1.7764134882968348,
            0.8376535700824022
        ],
        [
            1.0,
            -2.0,
            1.0,
            1.0,
            -1.8517467945600161,
            0.8978719356780676
        ],
        [
            1.0,
            -2.0,
            1.0,
            1.0,
            -1.782166018648804,
            0.9340685515461111
        ],
        [
            1.0,
            -2.0,
            1.0,
            1.0,
            -1.924566918841811,
            0.9651395185623316
        ]
    ],
    "4000": [
        [
            3.312093267762727e-05,
            6.624186535525454e-05,
            3.312093267762727e-05,
            1.0,
            -1.3284401152355394,
            0.6476817197295937
        ],
        [
            1.0,
            2.0,
            1.0,
            1.0,
            -1.4717089860987758,
            0.6956125826132237
        ],
        [
            1.0,
            2.0,
            1.0,
            1.0,
            -1.2605027252941188,
            0.7053683132034819
        ],
        [
            1.0,
            -2.0,
            1.0,
            1.0,
            -1.6286910974634945,
            0.8021353402456213
        ],
        [
            1.0,
            -2.0,
            1.0,
            1.0,
            -1.3099487673357078,
            0.8770248457512433
        ],
        [
            1.0,
            -2.0,
            1.0,
            1.0,
            -1.7723023169278864,
            0.9300839917517343
        ]
    ],